"clade","normal_mean","normal_sd","lognormal_mean","lognormal_sd","lognormal_skew","KL_MC","selection"
"clade_2",55.2610455721906,1.90825780631002,4.01147128857959,0.034568603387323,0.103778145806107,0.000939842839013516,"similar"
"clade_7",53.7030829305085,1.97326607960479,3.98279371326674,0.0368170195784545,0.110538454190467,0.00101916861224544,"similar"
"clade_12",34.8069800038201,1.46740047525089,3.54892711617793,0.0422448299478365,0.126866546476182,0.00141925918131418,"similar"
"clade_1",36.1022180431669,1.93458952186158,3.58491192680704,0.0537913768975525,0.161646919825612,0.00225706235437728,"similar"
"clade_33",83.8558997534305,5.66637499713302,4.42680264529003,0.0679274733802471,0.204332230431205,0.00351455655339291,"similar"
"clade_3",63.126773200968,4.05623558095119,4.14314294192695,0.0628446679253906,0.188969247092554,0.00380818553984227,"similar"
"clade_34",90.9255882432378,6.43378866543677,4.50757675051634,0.0699920027480488,0.210577577829219,0.00429941581702873,"similar"
"clade_5",54.4483452154615,4.40920567130096,3.99393332625902,0.081794937494011,0.246345812701037,0.00521499208765597,"similar"
"clade_10",10.7275625027286,0.92191345182327,2.36908201339994,0.0867482565727461,0.261391640868343,0.00576950387282477,"similar"
"clade_8",78.4759965480799,6.40119628746733,4.35957779859341,0.0795878811177091,0.239648768706996,0.00636726759065586,"similar"
"clade_14",2.40545981255255,0.737280908534084,0.831460101500115,0.306967357050782,0.974088543135873,0.158748021523413,"dissimilar"
"clade_25",13.4538981499255,3.99485420993279,2.55460212543249,0.303346284199245,0.961304909699101,0.139251853077671,"dissimilar"
"clade_16",4.22028911330186,1.21037450140107,1.39971668065904,0.284866022031367,0.896809345920748,0.133569125569822,"dissimilar"
"clade_15",2.8870686304853,0.781277141399241,1.02440952272998,0.268805753104409,0.84171745480109,0.106907375841957,"dissimilar"
"clade_20",7.95908898248231,2.09538401347704,2.03923777174666,0.268241215797103,0.839796276423724,0.0907639087088865,"dissimilar"
"clade_30",32.8314684011216,8.06430025873903,3.4598443467329,0.256004191373351,0.798397695727283,0.067622602941941,"dissimilar"
"clade_26",22.5718042303543,5.22173731724888,3.08965269521547,0.234846984118598,0.72787003010851,0.0582780637546388,"dissimilar"
"clade_17",5.05016536640199,1.10185703352181,1.59638357271984,0.214271833091576,0.660448600756186,0.054734453171813,"dissimilar"
"clade_18",6.13800592468261,1.26763012537736,1.79378807620116,0.203178172576841,0.6245317016232,0.0475289556493634,"dissimilar"
"clade_19",9.68018750179017,1.91722260229125,2.25101055025386,0.19491725274429,0.597970227768922,0.0417155012071515,"dissimilar"
